Metric Name,MeAS Score
CAT,0.36201569639608056
ICAT,0.3092275072903615
Toxicity,0.22305860390478008
LMB,0.05151060271288437
HONEST,0.022397953396556803
