Metric Name,MeAS Score
CAT,0.3511729398450811
ICAT,0.2748838181604985
Toxicity,0.20701846896050127
LMB,0.032937928464438104
HONEST,0.001741981207665604
